<?xml version="1.0" encoding="UTF-8"?>
<cds>
	<cd>
		<name></name>
		<name>M</name>
		<name>Major</name>
		<kind>major</kind>
	</cd>
	<cd>
		<name>m</name>
		<name>minor</name>
		<name>-</name>
		<kind>minor</kind>
	</cd>
	<cd>
		<name>augmented</name>
		<name>aug</name>
		<name>M#5</name>
		<name>+</name>
		<kind>augmented</kind>
	</cd>
	<cd>
		<name>diminished</name>
		<name>dim</name>
		<name>o</name>
		<name>mb5</name>
		<kind>diminished</kind>
	</cd>
	<cd>
		<name>Dominant</name>
		<name>7</name>
		<kind>dominant</kind>
	</cd>
	<cd>
		<name>M7</name>
		<name>maj7</name>
		<name>Maj7</name>
		<kind>major-seventh</kind>
	</cd>
	<cd>
		<name>M7add13</name>
		<name>maj7add13</name>
		<name>Maj7add13</name>
		<kind>major-seventh</kind>
		<degree>
			<value>13</value>
			<alter>0</alter>
			<type>add</type>
		</degree>
	</cd>
	<cd>
		<name>m7</name>
		<name>-7</name>
		<name>minor7</name>
		<kind>minor-seventh</kind>
	</cd>
	<cd>
		<name>o7</name>
		<name>dim7</name>
		<kind>diminished-seventh</kind>
	</cd>
	<cd>
		<name>aug7</name>
		<name>7aug</name>
		<name>+7</name>
		<name>7+</name>
		<name>7#5</name>
		<kind>augmented-seventh</kind>
	</cd>
	<cd>
		<name>7b9</name>
		<kind>dominant-seventh</kind>
		<degree>
			<value>9</value>
			<alter>-1</alter>
			<type>add</type>
		</degree>
	</cd>
	<cd>
		<name>7#9</name>
		<kind>dominant-seventh</kind>
		<degree>
			<value>9</value>
			<alter>1</alter>
			<type>add</type>
		</degree>
	</cd>
	<cd>
		<name>7#5#9</name>
		<name>7alt</name>
		<kind>dominant-seventh</kind>
		<degree>
			<value>5</value>
			<alter>1</alter>
			<type>alter</type>
		</degree>
		<degree>
			<value>9</value>
			<alter>1</alter>
			<type>add</type>
		</degree>
	</cd>
	<cd>
		<name>9b5</name>
		<kind>dominant-ninth</kind>
		<degree>
			<value>5</value>
			<alter>-1</alter>
			<type>alter</type>
		</degree>
	</cd>
	<cd>
		<name>-7b5</name>
		<name>m7b5</name>
		<name>h7</name>
		<name>half-diminished</name>
		<kind>half-diminished</kind>
	</cd>
	<cd>
		<name>-9b5</name>
		<name>m9b5</name>
		<name>h9</name>
		<kind>minor-ninth</kind>
		<degree>
			<value>5</value>
			<alter>-1</alter>
			<type>alter</type>
		</degree>
	</cd>
	<cd>
		<name>-11b5</name>
		<name>m11b5</name>
		<name>h11</name>
		<kind>minor-11th</kind>
		<degree>
			<value>5</value>
			<alter>-1</alter>
			<type>alter</type>
		</degree>
	</cd>
	<cd>
		<name>-13b5</name>
		<name>m13b5</name>
		<name>h13</name>
		<kind>minor-13th</kind>
		<degree>
			<value>5</value>
			<alter>-1</alter>
			<type>alter</type>
		</degree>
	</cd>
	<cd>
		<name>6</name>
		<name>M6</name>
		<kind>major-sixth</kind>
	</cd>
	<cd>
		<name>m6</name>
		<name>-6</name>
		<kind>minor-sixth</kind>
	</cd>
	<cd>
		<name>9</name>
		<kind>dominant-ninth</kind>
	</cd>
	<cd>
		<name>M9</name>
		<name>maj9</name>
		<name>Maj9</name>
		<kind>major-ninth</kind>
	</cd>
	<cd>
		<name>M9#11</name>
		<name>maj9#11</name>
		<name>Maj9#11</name>
		<kind>major-ninth</kind>
		<degree>
			<value>11</value>
			<alter>1</alter>
			<type>add</type>
		</degree>
	</cd>
	<cd>
		<name>m9</name>
		<name>-9</name>
		<kind>minor-ninth</kind>
	</cd>
	<cd>
		<name>11</name>
		<kind>dominant-11th</kind>
	</cd>
	<cd>
		<name>m11</name>
		<name>-11</name>
		<kind>minor-11th</kind>
	</cd>
	<cd>
		<name>13</name>
		<kind>dominant-13th</kind>
	</cd>
	<cd>
		<name>m13</name>
		<name>-13</name>
		<kind>minor-13th</kind>
	</cd>
	<cd>
		<name>M13</name>
		<name>maj13</name>
		<name>Maj13</name>
		<kind>major-13th</kind>
	</cd>
	<cd>
		<name>sus2</name>
		<name>2</name>
		<name>add2</name>
		<name>Msus2</name>
		<kind>suspended-second</kind>
	</cd>
	<cd>
		<name>sus</name>
		<name>sus4</name>
		<name>Msus4</name>
		<kind>suspended-fourth</kind>
	</cd>
	<cd>
		<name>sus24</name>
		<name>sus4add9</name>
		<kind>suspended-fourth</kind>
		<degree>
			<value>2</value>
			<alter>0</alter>
			<type>add</type>
		</degree>
	</cd>
	<cd>
		<name>5</name>
		<kind>power</kind>
	</cd>
	<cd>
		<name>13b5</name>
		<kind>dominant-13th</kind>
		<degree>
			<value>5</value>
			<alter>-1</alter>
			<type>alter</type>
		</degree>
	</cd>
	<cd>
		<name>13b9</name>
		<kind>dominant-13th</kind>
		<degree>
			<value>9</value>
			<alter>-1</alter>
			<type>alter</type>
		</degree>
	</cd>
	<cd>
		<name>13#11</name>
		<kind>dominant-13th</kind>
		<degree>
			<value>11</value>
			<alter>1</alter>
			<type>add</type>
		</degree>
	</cd>
	<cd>
		<name>13#9</name>
		<kind>dominant-13th</kind>
		<degree>
			<value>9</value>
			<alter>1</alter>
			<type>alter</type>
		</degree>
	</cd>
	<cd>
		<name>7b9#11</name>
		<kind>dominant-seventh</kind>
		<degree>
			<value>9</value>
			<alter>-1</alter>
			<type>add</type>
		</degree>
		<degree>
			<value>11</value>
			<alter>1</alter>
			<type>add</type>
		</degree>
	</cd>
	<cd>
		<name>13b9#11</name>
		<kind>dominant-13th</kind>
		<degree>
			<value>9</value>
			<alter>-1</alter>
			<type>alter</type>
		</degree>
		<degree>
			<value>11</value>
			<alter>1</alter>
			<type>alter</type>
		</degree>
	</cd>
	<cd>
		<name>13#9#11</name>
		<kind>dominant-13th</kind>
		<degree>
			<value>9</value>
			<alter>1</alter>
			<type>alter</type>
		</degree>
		<degree>
			<value>11</value>
			<alter>1</alter>
			<type>alter</type>
		</degree>
	</cd>
	<cd>
		<name>11b9</name>
		<kind>dominant-11th</kind>
		<degree>
			<value>9</value>
			<alter>-1</alter>
			<type>alter</type>
		</degree>
	</cd>
	<cd>
		<name>7sus</name>
		<name>7sus4</name>
		<kind>suspended-fourth</kind>
		<degree>
			<value>7</value>
			<alter>-1</alter>
			<type>add</type>
		</degree>
	</cd>
	<cd>
		<name>9sus</name>
		<name>9sus4</name>
		<kind>suspended-fourth</kind>
		<degree>
			<value>7</value>
			<alter>-1</alter>
			<type>add</type>
		</degree>
		<degree>
			<value>9</value>
			<alter>0</alter>
			<type>add</type>
		</degree>
	</cd>
	<cd>
		<name>13sus</name>
		<name>13sus4</name>
		<kind>suspended-fourth</kind>
		<degree>
			<value>7</value>
			<alter>-1</alter>
			<type>add</type>
		</degree>
		<degree>
			<value>9</value>
			<alter>0</alter>
			<type>add</type>
		</degree>
		<degree>
			<value>13</value>
			<alter>0</alter>
			<type>add</type>
		</degree>
	</cd>
	<cd>
		<name>7b9sus</name>
		<name>7b9sus4</name>
		<name>7sus4b9</name>
		<name>7susb9</name>
		<kind>suspended-fourth</kind>
		<degree>
			<value>7</value>
			<alter>-1</alter>
			<type>add</type>
		</degree>
		<degree>
			<value>9</value>
			<alter>-1</alter>
			<type>add</type>
		</degree>
	</cd>
	<cd>
		<name>69</name>
		<name>M69</name>
		<name>6add9</name>
		<name>M6add9</name>
		<kind>major-sixth</kind>
		<degree>
			<value>9</value>
			<alter>0</alter>
			<type>add</type>
		</degree>
	</cd>
	<cd>
		<name>-69</name>
		<name>m69</name>
		<kind>minor-sixth</kind>
		<degree>
			<value>9</value>
			<alter>0</alter>
			<type>add</type>
		</degree>
	</cd>
	<cd>
		<name>mM7</name>
		<kind>minor-major</kind>
	</cd>
	<cd>
		<name>m9Maj7</name>
		<name>mM9</name>
		<kind>minor-major</kind>
		<degree>
			<value>9</value>
			<alter>0</alter>
			<type>add</type>
		</degree>
	</cd>
	<cd>
		<name>Bass</name>
		<kind>other</kind>
	</cd>
	<cd>
		<name>NC</name>
		<kind>none</kind>
	</cd>
	<cd>
		<name>Blues</name>
		<kind>other</kind>
		<degree>
			<value>3</value>
			<alter>-1</alter>
			<type>add</type>
		</degree>
		<degree>
			<value>4</value>
			<alter>0</alter>
			<type>add</type>
		</degree>
		<degree>
			<value>7</value>
			<alter>-1</alter>
			<type>add</type>
		</degree>
	</cd>
	<cd>
		<name>M13#11</name>
		<name>Maj13#11</name>
		<name>maj13#11</name>
		<kind>major-13th</kind>
		<degree>
			<value>5</value>
			<alter>-1</alter>
			<type>alter</type>
		</degree>
	</cd>
	<cd>
		<name>M6#11</name>
		<name>6#11</name>
		<name>M6b5</name>
		<kind>major-sixth</kind>
		<degree>
			<value>5</value>
			<alter>-1</alter>
			<type>alter</type>
		</degree>
	</cd>
	<cd>
		<name>M69#11</name>
		<name>69#11</name>
		<kind>major-sixth</kind>
		<degree>
			<value>9</value>
			<alter>0</alter>
			<type>add</type>
		</degree>
		<degree>
			<value>11</value>
			<alter>1</alter>
			<type>add</type>
		</degree>
	</cd>
</cds>

